url,status,action
https://mise.ax/,200,html_text_saved
https://mise.ax/avgifter,200,html_text_saved
https://mise.ax/node/1,200,html_text_saved
https://mise.ax/egnahemshus,200,html_text_saved
https://mise.ax/flerbostadshus,200,html_text_saved
https://mise.ax/fritidsbostad,200,html_text_saved
https://mise.ax/skargarden,200,html_text_saved
https://mise.ax/verksamheter,200,html_text_saved
https://mise.ax/misebilen-mobil-avc,200,html_text_saved
https://mise.ax/atervinningscentralen-mise-avc,200,html_text_saved
https://mise.ax/kontakta-mise,200,html_text_saved
https://mise.ax/sorteringsguide,200,html_text_saved
https://mise.ax/vi-ar-mise,200,html_text_saved
https://mise.ax/vi-ar-mise/avfallshanteringssystemet,200,html_text_saved
https://mise.ax/avfallshanteringssystemet/andrad-sortering-b-karlet,200,html_text_saved
https://mise.ax/vi-ar-mise/ekonomi,200,html_text_saved
https://mise.ax/din-faktura,200,html_text_saved
https://mise.ax/vi-ar-mise/styrande-dokument,200,html_text_saved
https://mise.ax/blanketter,200,html_text_saved
https://mise.ax/trafikinformation,200,html_text_saved
https://mise.ax/nyheter,200,html_text_saved
https://mise.ax/nyheter/kom-och-jobba-oss-administrator,200,html_text_saved
https://mise.ax/nyheter/mise-soker-driven-ekonomiansvarig,200,html_text_saved
https://mise.ax/nyheter/tillfallig-andring-vid-smarket,200,html_text_saved
https://mise.ax/sekretesspolicy,200,html_text_saved
https://mise.ax/lamna-synpunkter-pa-sidan,200,html_text_saved
https://mise.ax/node/5,200,html_text_saved
https://mise.ax/sites/default/files/2026-07/avfallstaxa-2026-version-4.pdf,200,pdf_saved
https://mise.ax/sites/default/files/2026-07/forenklad-version-av-avfallstaxan-2.0-2026.pdf-1_0.pdf,200,pdf_saved
https://mise.ax/avfallstaxan,404,html_text_saved
https://e-tjanster.ax/e-form/sv/f95966b59a,200,html_no_text_extracted
https://mise.ax/sites/default/files/2025-12/avfallstaxa-2026-godkand-av-stamman-17.12.2025.pdf,200,pdf_saved
https://mise.ax/sites/default/files/2025-05/avfallstaxa-2025_0.pdf,200,pdf_saved
https://mise.ax/sites/default/files/2025-05/avfallstaxa-2024-med-moms-255-fr.o.m-1.9.2024.pdf,200,pdf_saved
https://mise.ax/sites/default/files/2025-05/avfallstaxa_2024-med-24-moms.pdf,200,pdf_saved
https://mise.ax/sites/default/files/2025-05/avfallstaxa-2023.pdf,200,pdf_saved
https://mise.ax/sites/default/files/2025-05/avfallstaxa-2022.pdf,200,pdf_saved
https://mise.ax/blanketter/kompostanmalan,200,html_text_saved
https://mise.ax/blanketter/anmalningsblankett-stadigvarande-bostad,200,html_text_saved
https://mise.ax/blanketter/anmalan-om-agarbyte,200,html_text_saved
https://mise.ax/blanketter/anmalan-om-delad-tomning-3-eller-farre,200,html_text_saved
https://mise.ax/blanketter/ansokan-delad-avfallshantering-fler-3-hushall,200,html_text_saved
https://mise.ax/blanketter/anmalan-om-slaminsamling-ej-ansluten-kommunaltavloppsnatet,200,html_text_saved
https://mise.ax/blanketter/bilaga-kompostanmalan,200,html_text_saved
https://mise.ax/blanketter/anmalningsblankett-flerbostadshus,200,html_text_saved
https://mise.ax/blanketter/inflyttningsplan-bilaga-anmalningsblankett-flerbostadshus,200,html_text_saved
https://mise.ax/blanketter/anhallan-om-andringar-byggnaden-0,200,html_text_saved
https://mise.ax/blanketter/anmalan-om-ta-hem-avfall-fastboende-egnahemshus-inom-mise,200,html_text_saved
https://mise.ax/blanketter/ansokan-om-ta-hem-avfall-fastboende-lagenhet-inom-mise-0,200,html_text_saved
https://mise.ax/blanketter/ansokan-om-ta-hem-avfall-fastboende-egnahemshus-inom-mise,200,html_text_saved
https://mise.ax/blanketter/anmalan-om-agarbyte-fritidsbostad,200,html_text_saved
https://mise.ax/blanketter/anmalningsblankett-fritidsbostader-skargarden,200,html_text_saved
https://mise.ax/blanketter/anmalan-om-flytt-servicebostad-0,200,html_text_saved
https://mise.ax/blanketter/ansokan-om-ta-hem-avfall-fastboende-utanfor-mise-0,200,html_text_saved
https://mise.ax/blanketter/anhallan-om-andringar-byggnaden,200,html_text_saved
https://mise.ax/blanketter/anmalningsblankett-verksamheter-skargarden,200,html_text_saved
https://mise.ax/blanketter/anmalningsblankett-verksamheter-fasta-aland,200,html_text_saved
https://mise.ax/sites/default/files/2025-05/avfallstaxa-2025.pdf,200,pdf_saved
https://mise.ax/sites/default/files/2026-07/bokslut-och-verksamhetsberattelse-2025-underskrivet.pdf,200,pdf_saved
https://mise.ax/sites/default/files/2025-09/bokslut-och-verksamhetsberattelse-2024-godkant-av-forbundsstyrelsen-23.4.2025.pdf,200,pdf_saved
https://mise.ax/sites/default/files/2025-05/bokslut-och-verksamhetsberattelse-2023.pdf,200,pdf_saved
https://mise.ax/sites/default/files/2025-05/bokslut-och-verksamhetsberattelse-2022.pdf,502,pdf_saved
https://mise.ax/sites/default/files/2025-05/bokslut-och-verksamhetsberattelse-2021.pdf,200,pdf_saved
https://mise.ax/sites/default/files/2025-05/budget-och-ekonomiplan-2025.pdf,200,pdf_saved
https://mise.ax/sites/default/files/2025-05/budget-och-ekonomiplan-2024.pdf,200,pdf_saved
https://mise.ax/sites/default/files/2025-05/budget-och-ekonomiplan-2023.pdf,200,pdf_saved
https://mise.ax/sites/default/files/2025-05/budget-och-ekonomiplan-2022.pdf,200,pdf_saved
https://mise.ax/sites/default/files/2025-05/budget-och-ekonomiplan-2021.pdf,200,pdf_saved
https://mise.ax/sites/default/files/2025-05/budget-och-ekonomiplan-2020.pdf,200,pdf_saved
https://mise.ax/sites/default/files/2025-05/avfallshanteringsforeskrifter-2025.pdf,200,pdf_saved
https://mise.ax/sites/default/files/2025-05/avfallsplan-2020-2030_mstam_17.12.2019.pdf,200,pdf_saved
https://mise.ax/sites/default/files/2025-05/mise-grundavtal-2015.pdf,200,pdf_saved
https://mise.ax/sites/default/files/2025-05/integritetspolicy-for-mise.pdf,200,pdf_saved
https://mise.ax/sites/default/files/2025-05/mise-arvodesstadga.pdf,200,pdf_saved
https://mise.ax/sites/default/files/2025-05/mise-delegeringsbeslut.pdf,200,pdf_saved
https://mise.ax/sites/default/files/2025-05/mise-forvaltningsstadga-mstam22052018-med-andringar-mstam14062023.pdf,200,pdf_saved
https://mise.ax/blanketter/agarbyte-stadigvarande-bostad-skargarden,200,html_text_saved
https://mise.ax/blanketter/ansokan-om-obebodd-stadigvarande-bostad,200,html_text_saved
https://mise.ax/blanketter/anmalningsblankett-bostad-skargarden,200,html_text_saved
https://mise.ax/blanketter/agarbytenybyggnation-stadigvarande-bostad-skargarden,200,html_text_saved
https://mise.ax/blanketter/anhallan-om-avgiftsbefrielse,200,html_text_saved
https://mise.ax/blanketter/ansokan-om-obebodd-stadigvarande-bostad-0,200,html_text_saved
https://mise.ax/blanketter/anmalan-om-flytt-servicebostad,200,html_text_saved
https://mise.ax/blanketter/anmalan-om-skrotfordon,200,html_text_saved
https://mise.ax/blanketter/anmalan-om-nedskrapning,200,html_text_saved
https://mise.ax/blanketter/ansokan-om-ta-hem-avfall-fastboende-utanfor-mise,200,html_text_saved
https://mise.ax/blanketter/ansokan-om-ta-hem-avfall-fastboende-lagenhet-inom-mise,200,html_text_saved
https://mise.ax/blanketter/anmalan-om-delad-tomning-avfallskarl,200,html_text_saved
https://mise.ax/blanketter/anmalningsblankett-fritidsbostader-pa-fasta-aland,200,html_text_saved
https://mise.ax/nyheter/misebladet-2026,200,html_text_saved
https://mise.ax/nyheter/kundundersokning-2026,200,html_text_saved
https://mise.ax/nyheter/sommarjobb,200,html_text_saved
https://mise.ax/nyheter/mise-stanger-atervinningsstationen-vid-s-market,200,html_text_saved
https://mise.ax/nyheter/forseningar-avfallshamtningen-pa-grund-radande-vaglag,200,html_text_saved
https://mise.ax/nyheter/uppdatering-hemsidan,200,html_text_saved
https://mise.ax/nyheter/forenklad-avfallstaxa,200,html_text_saved
https://mise.ax/nyheter/julinformation,200,html_text_saved
https://mise.ax/nyheter/pilotprojekt-okad-atervinning,200,html_text_saved
https://mise.ax/nyheter/kundundersokning-jomala,200,html_text_saved
https://mise.ax/nyheter/mise-pa-givande-studiebesok-finland,200,html_text_saved
https://mise.ax/nyheter/stationen-och-lasthuset-pa-hellso-stangs-ner,200,html_text_saved
https://mise.ax/nyheter/nytt-e-tjanstformular-agarbyte-och-anmalan-om-tjanster,200,html_text_saved
https://mise.ax/nyheter/stationen-vid-kantarellen-stangs,200,html_text_saved
https://mise.ax/nyheter/information-dig-sophamtning-pa-privat-vag,200,html_text_saved
https://mise.ax/nyheter/lamna-invasiva-vaxtarter-gratis-pa-atervinningscentralen,200,html_text_saved
https://mise.ax/nyheter/ffps-forsta-nyhetsbrev-alands-kommuner,200,html_text_saved
https://mise.ax/nyheter/information-om-avfallstaxa-2021,200,html_text_saved
https://mise.ax/nyheter/mises-bokslut-2024,200,html_text_saved
https://mise.ax/nyheter/vissa-kunder-fick-sms-vid-fel-tidpunkt-vi-undersoker-felet,200,html_text_saved
https://mise.ax/sites/default/files/2025-05/bilaga-till-ansokan-om-forlangt-tomningsintervall-hela-aret-2025.pdf,200,pdf_saved
https://e-tjanster.ax/e-form/sv/8ea8db09cc,200,html_no_text_extracted
https://mise.ax/sites/default/files/2026-01/anmalan-om-delad-tomning-av-avfallskarl-2026.pdf,200,pdf_saved
https://mise.ax/sites/default/files/2026-01/ansokan-delad-avfallshantering-fler-an-3-2026.pdf,200,pdf_saved
https://mise.ax/sites/default/files/2025-05/blankett-till-slaminsamlingsregister-2022_0.pdf,200,pdf_saved
https://mise.ax/sites/default/files/2026-05/bilaga-till-kompostanmalan-2026.pdf,200,pdf_saved
https://mise.ax/sites/default/files/2026-01/anmalningsblankett-flerbostadshus-2026.pdf,200,pdf_saved
https://mise.ax/sites/default/files/2026-01/anmalningsblankett-flerbostadshus-inflyttningsplan-bilaga-2026.pdf,200,pdf_saved
https://mise.ax/sites/default/files/2026-01/anhallan-om-andringar-i-byggnaden-2026.pdf,200,pdf_saved
https://mise.ax/sites/default/files/2026-03/anmalan-om-att-ta-hem-avfall-till-fasta-boende-inom-mise-2026_0.pdf,200,pdf_saved
https://mise.ax/sites/default/files/2026-03/ansokan-om-att-ta-hem-avfall-till-fasta-boende-utanfor-o-lgh-mise-2026_3.pdf,200,pdf_saved
https://mise.ax/sites/default/files/2026-01/anmalan-om-flytt-till-servicebostad-2026.pdf,200,pdf_saved
https://mise.ax/sites/default/files/2026-03/ansokan-om-att-ta-hem-avfall-till-fasta-boende-utanfor-o-lgh-mise-2026_0.pdf,200,pdf_saved
https://mise.ax/sites/default/files/2026-01/anmalningsblankett-verksamheter-i-skargarden-2026.pdf,200,pdf_saved
https://mise.ax/sites/default/files/2026-01/anmalningsblankett-verksamheter-2026.pdf,200,pdf_saved
https://mise.ax/sites/default/files/2026-01/ansokan-om-obebodd-stadigvarande-bostad-2026_0.pdf,200,pdf_saved
https://mise.ax/sites/default/files/2026-01/anhallan-om-avgiftsbefrielse-2026.pdf,200,pdf_saved
https://mise.ax/sites/default/files/2025-05/anmalan-om-skrotfordon-2024.pdf,200,pdf_saved
https://mise.ax/sites/default/files/2025-05/anmalan-om-nedskrapning-2024.pdf,200,pdf_saved
https://mise.ax/sites/default/files/2026-05/misebladet-2026.pdf,200,pdf_saved
https://mise.ax/sites/default/files/2025-12/avfallstaxa-2026-godkand-av-stamman-17.12.2025_0.pdf,200,pdf_saved
https://mise.ax/sites/default/files/2025-06/infobrev-1-2025-till-kommun.pdf,200,pdf_saved
https://mise.ax/sites/default/files/2024-08/excel-demo.xlsx,200,doc_saved.xlsx
https://mise.ax/sites/default/files/2024-08/word-demo.docx,200,doc_saved.docx
